"Group.1","x"
"A",3.66666666666667
"B",5.77777777777778
"C",5.88888888888889
